{
  "properties": {
    "connectionReferences": {
      "shared_commondataserviceforapps-1": {
        "runtimeSource": "embedded",
        "connection": {
          "connectionReferenceLogicalName": "ya_sharedcommondataserviceforapps_8800f"
        },
        "api": {
          "name": "shared_commondataserviceforapps"
        }
      }
    },
    "definition": {
      "$schema": "https://schema.management.azure.com/providers/Microsoft.Logic/schemas/2016-06-01/workflowdefinition.json#",
      "contentVersion": "1.0.0.0",
      "parameters": {
        "$connections": {
          "defaultValue": {},
          "type": "Object"
        },
        "$authentication": {
          "defaultValue": {},
          "type": "SecureObject"
        }
      },
      "triggers": {
        "manual": {
          "metadata": {
            "operationMetadataId": "01f5b945-6000-464d-9e97-71d61ae833b2"
          },
          "type": "Request",
          "kind": "Button",
          "inputs": {
            "schema": {
              "type": "object",
              "properties": {},
              "required": []
            }
          }
        }
      },
      "actions": {
        "Dataverseコネクタ／100k件超": {
          "actions": {
            "Do_until": {
              "actions": {
                "Dataverseコネクタ／100k件超_変数MoreRecordsの設定": {
                  "runAfter": {
                    "Dataverseコネクタ／100k件超_行を一覧にする": [
                      "Succeeded"
                    ]
                  },
                  "metadata": {
                    "operationMetadataId": "9a0eecbf-b58c-46b4-889b-8a21696a802c"
                  },
                  "type": "SetVariable",
                  "inputs": {
                    "name": "Dataverseコネクタ／100k件超 MoreRecords",
                    "value": "@if(empty(string(outputs('Dataverseコネクタ／100k件超_行を一覧にする')?['body']?['@Microsoft.Dynamics.CRM.morerecords'])), false, outputs('Dataverseコネクタ／100k件超_行を一覧にする')?['body']?['@Microsoft.Dynamics.CRM.morerecords'])"
                  },
                  "description": "if(empty(string(outputs('Dataverseコネクタ／100k件超_行を一覧にする')?['body']?['@Microsoft.Dynamics.CRM.morerecords'])), false, outputs('Dataverseコネクタ／100k件超_行を一覧にする')?['body']?['@Microsoft.Dynamics.CRM.morerecords'])"
                },
                "Dataverseコネクタ／100k件超_変数ページングCookieの設定": {
                  "runAfter": {
                    "Dataverseコネクタ／100k件超_変数MoreRecordsの設定": [
                      "Succeeded"
                    ]
                  },
                  "metadata": {
                    "operationMetadataId": "27d0349a-3368-47ed-b722-1cf543e19968"
                  },
                  "type": "SetVariable",
                  "inputs": {
                    "name": "Dataverseコネクタ／100k件超 ページングCookie",
                    "value": "paging-cookie=\"@{if(\r\n  empty(\r\n    outputs('Dataverseコネクタ／100k件超_行を一覧にする')?['body']?['@Microsoft.Dynamics.CRM.fetchxmlpagingcookie']\r\n  ),\r\n  '',\r\n  replace(\r\n    replace(\r\n      replace(\r\n        decodeUriComponent(\r\n          decodeUriComponent(\r\n            first(\r\n              split(\r\n                last(\r\n                  split(\r\n                    outputs('Dataverseコネクタ／100k件超_行を一覧にする')?['body']?['@Microsoft.Dynamics.CRM.fetchxmlpagingcookie'],\r\n                    'pagingcookie=\"'\r\n                  )\r\n                ),\r\n                '\" '\r\n              )\r\n            )\r\n          )\r\n        ),\r\n        '<',\r\n        '&lt;'\r\n      ),\r\n      '>',\r\n      '&gt;'\r\n    ),\r\n    '\"',\r\n    '&quot;'\r\n  )\r\n)}\""
                  }
                },
                "Dataverseコネクタ／100k件超_変数ページ番号の値を増やす": {
                  "runAfter": {
                    "Dataverseコネクタ／100k件超_変数ページングCookieの設定": [
                      "Succeeded"
                    ]
                  },
                  "metadata": {
                    "operationMetadataId": "46ee02ac-ee71-4069-b7e4-401b575b4c29"
                  },
                  "type": "IncrementVariable",
                  "inputs": {
                    "name": "Dataverseコネクタ／100k件超 ページ番号",
                    "value": 1
                  }
                },
                "Dataverseコネクタ／100k件超_変数アイテム数の値を増やす": {
                  "runAfter": {
                    "Dataverseコネクタ／100k件超_変数ページ番号の値を増やす": [
                      "Succeeded"
                    ]
                  },
                  "metadata": {
                    "operationMetadataId": "c36e25ac-0745-44e0-affa-cf426035f107"
                  },
                  "type": "IncrementVariable",
                  "inputs": {
                    "name": "Dataverseコネクタ／100k件超 アイテム数",
                    "value": "@length(outputs('Dataverseコネクタ／100k件超_行を一覧にする')?['body/value'])"
                  },
                  "description": "length(outputs('Dataverseコネクタ／100k件超_行を一覧にする')?['body/value'])"
                },
                "全レコードの設定": {
                  "runAfter": {
                    "＋5000レコードの設定": [
                      "Succeeded"
                    ]
                  },
                  "metadata": {
                    "operationMetadataId": "b7c27a7c-0c5a-4b96-bacc-6e072a1f1c0d"
                  },
                  "type": "SetVariable",
                  "inputs": {
                    "name": "全レコード",
                    "value": "@variables('＋5000レコード')"
                  }
                },
                "＋5000レコードの設定": {
                  "runAfter": {
                    "Dataverseコネクタ／100k件超_変数アイテム数の値を増やす": [
                      "Succeeded"
                    ]
                  },
                  "metadata": {
                    "operationMetadataId": "3eb90433-55b0-4e14-bd63-15510adde95e"
                  },
                  "type": "SetVariable",
                  "inputs": {
                    "name": "＋5000レコード",
                    "value": "@union(variables('全レコード'),outputs('Dataverseコネクタ／100k件超_行を一覧にする')?['body/value'])"
                  },
                  "description": "union(variables('全レコード'),outputs('Dataverseコネクタ／100k件超_行を一覧にする')?['body/value'])"
                },
                "＋5000レコードの初期化": {
                  "runAfter": {},
                  "metadata": {
                    "operationMetadataId": "fbaf9508-b514-4e43-ac0d-826ea0967faa"
                  },
                  "type": "SetVariable",
                  "inputs": {
                    "name": "＋5000レコード",
                    "value": "@null"
                  },
                  "description": "null"
                },
                "Dataverseコネクタ／100k件超_行を一覧にする": {
                  "runAfter": {
                    "＋5000レコードの初期化": [
                      "Succeeded"
                    ]
                  },
                  "metadata": {
                    "operationMetadataId": "47afd7f2-d3e7-4f70-a1d4-a8015d09e389"
                  },
                  "type": "OpenApiConnection",
                  "inputs": {
                    "host": {
                      "connectionName": "shared_commondataserviceforapps-1",
                      "operationId": "ListRecords",
                      "apiId": "/providers/Microsoft.PowerApps/apis/shared_commondataserviceforapps"
                    },
                    "parameters": {
                      "entityName": "ya_members",
                      "fetchXml": "<fetch page=\"@{variables('Dataverseコネクタ／100k件超 ページ番号')}\" @{variables('Dataverseコネクタ／100k件超 ページングCookie')}>\n <entity name='ya_member'>\n  <all-attributes/>\n </entity>\n</fetch>"
                    },
                    "authentication": {
                      "type": "Raw",
                      "value": "@json(decodeBase64(triggerOutputs().headers['X-MS-APIM-Tokens']))['$ConnectionKey']"
                    }
                  },
                  "description": "<fetch page=\"@{variables('Dataverseコネクタ／100k件超 ページ番号')}\" @{variables('Dataverseコネクタ／100k件超 ページングCookie')}>\n <entity name='ya_member'>\n  <all-attributes/>\n </entity>\n</fetch>"
                }
              },
              "runAfter": {},
              "expression": "@equals(variables('Dataverseコネクタ／100k件超 MoreRecords'),false)",
              "limit": {
                "count": 200,
                "timeout": "PT24H"
              },
              "metadata": {
                "operationMetadataId": "4260f8e1-7f2c-4350-959b-18e349a85e89"
              },
              "type": "Until",
              "description": "variables('Dataverseコネクタ／100k件超 MoreRecords')"
            },
            "Dataverseコネクタ／100k件超_件数": {
              "runAfter": {
                "Do_until": [
                  "Succeeded"
                ]
              },
              "metadata": {
                "operationMetadataId": "c013eeb2-4399-40ad-91b6-5875273ac037"
              },
              "type": "Compose",
              "inputs": "@variables('Dataverseコネクタ／100k件超 アイテム数')"
            },
            "全レコードの件数": {
              "runAfter": {
                "Dataverseコネクタ／100k件超_件数": [
                  "Succeeded"
                ]
              },
              "metadata": {
                "operationMetadataId": "59dde993-dfd3-4350-a8c9-a4af8ec6fb99"
              },
              "type": "Compose",
              "inputs": "@length(variables('全レコード'))",
              "description": "length(variables('全レコード'))"
            }
          },
          "runAfter": {
            "Dataverseコネクタ／100k件超_MoreRecordsを初期化する": [
              "Succeeded"
            ]
          },
          "metadata": {
            "operationMetadataId": "bf63a7f8-60f4-4d9b-a6e0-f6a18e04b9e9"
          },
          "type": "Scope"
        },
        "Dataverseコネクタ／100k件超_ページ番号を初期化する": {
          "runAfter": {
            "＋5000レコードを初期化する": [
              "Succeeded"
            ]
          },
          "metadata": {
            "operationMetadataId": "63bb28d1-8a07-448e-a1dd-efe20afc7196"
          },
          "type": "InitializeVariable",
          "inputs": {
            "variables": [
              {
                "name": "Dataverseコネクタ／100k件超 ページ番号",
                "type": "integer",
                "value": 1
              }
            ]
          }
        },
        "Dataverseコネクタ／100k件超_ページングCookieを初期化する": {
          "runAfter": {
            "Dataverseコネクタ／100k件超_ページ番号を初期化する": [
              "Succeeded"
            ]
          },
          "metadata": {
            "operationMetadataId": "63bb28d1-8a07-448e-a1dd-efe20afc7196"
          },
          "type": "InitializeVariable",
          "inputs": {
            "variables": [
              {
                "name": "Dataverseコネクタ／100k件超 ページングCookie",
                "type": "string"
              }
            ]
          }
        },
        "Dataverseコネクタ／100k件超_アイテム数を初期化する": {
          "runAfter": {
            "Dataverseコネクタ／100k件超_ページングCookieを初期化する": [
              "Succeeded"
            ]
          },
          "metadata": {
            "operationMetadataId": "63bb28d1-8a07-448e-a1dd-efe20afc7196"
          },
          "type": "InitializeVariable",
          "inputs": {
            "variables": [
              {
                "name": "Dataverseコネクタ／100k件超 アイテム数",
                "type": "integer",
                "value": 0
              }
            ]
          }
        },
        "Dataverseコネクタ／100k件超_MoreRecordsを初期化する": {
          "runAfter": {
            "Dataverseコネクタ／100k件超_アイテム数を初期化する": [
              "Succeeded"
            ]
          },
          "metadata": {
            "operationMetadataId": "63bb28d1-8a07-448e-a1dd-efe20afc7196"
          },
          "type": "InitializeVariable",
          "inputs": {
            "variables": [
              {
                "name": "Dataverseコネクタ／100k件超 MoreRecords",
                "type": "boolean",
                "value": false
              }
            ]
          }
        },
        "全レコードを初期化する": {
          "runAfter": {},
          "metadata": {
            "operationMetadataId": "cce0a67b-1e72-47e8-a5f6-8b364b1911ae"
          },
          "type": "InitializeVariable",
          "inputs": {
            "variables": [
              {
                "name": "全レコード",
                "type": "array"
              }
            ]
          }
        },
        "＋5000レコードを初期化する": {
          "runAfter": {
            "全レコードを初期化する": [
              "Succeeded"
            ]
          },
          "metadata": {
            "operationMetadataId": "f3a7a3bd-8a99-430f-a36f-560b1bd17f39"
          },
          "type": "InitializeVariable",
          "inputs": {
            "variables": [
              {
                "name": "＋5000レコード",
                "type": "array"
              }
            ]
          }
        }
      }
    },
    "templateName": ""
  },
  "schemaVersion": "1.0.0.0"
}