{
  "properties": {
    "connectionReferences": {
      "shared_commondataserviceforapps_1": {
        "api": {
          "name": "shared_commondataserviceforapps"
        },
        "connection": {
          "connectionReferenceLogicalName": "ya_sharedcommondataserviceforapps_e759d"
        },
        "runtimeSource": "embedded"
      }
    },
    "definition": {
      "$schema": "https://schema.management.azure.com/providers/Microsoft.Logic/schemas/2016-06-01/workflowdefinition.json#",
      "contentVersion": "1.0.0.0",
      "parameters": {
        "$authentication": {
          "defaultValue": {},
          "type": "SecureObject"
        },
        "$connections": {
          "defaultValue": {},
          "type": "Object"
        }
      },
      "triggers": {
        "manual": {
          "type": "Request",
          "kind": "Button",
          "inputs": {
            "schema": {
              "type": "object",
              "properties": {},
              "required": []
            }
          },
          "metadata": {
            "operationMetadataId": "71ff940f-b161-4284-b8f5-e911f60e2ce7"
          }
        }
      },
      "actions": {
        "行を一覧にする": {
          "type": "OpenApiConnection",
          "inputs": {
            "parameters": {
              "entityName": "ya_members",
              "$filter": "endswith(ya_column01, '0')",
              "$top": 5000
            },
            "host": {
              "apiId": "/providers/Microsoft.PowerApps/apis/shared_commondataserviceforapps",
              "operationId": "ListRecords",
              "connectionName": "shared_commondataserviceforapps_1"
            }
          },
          "runAfter": {},
          "metadata": {
            "operationMetadataId": "38c3bedb-da5a-4f61-8ee7-6b08e6304ffa"
          }
        },
        "行を一覧にする_2": {
          "type": "OpenApiConnection",
          "inputs": {
            "parameters": {
              "entityName": "ya_members",
              "$filter": "endswith(ya_column01, '1')",
              "$top": 5000
            },
            "host": {
              "apiId": "/providers/Microsoft.PowerApps/apis/shared_commondataserviceforapps",
              "operationId": "ListRecords",
              "connectionName": "shared_commondataserviceforapps_1"
            }
          },
          "runAfter": {
            "行を一覧にする": [
              "Succeeded"
            ]
          },
          "metadata": {
            "operationMetadataId": "23537f6e-13da-4f0f-8b7d-de88e3668cd9"
          }
        },
        "作成": {
          "type": "Compose",
          "inputs": "@{length(outputs('行を一覧にする')?['body/value'])} + @{length(outputs('行を一覧にする_2')?['body/value'])} = @{length(variables('Results'))}",
          "runAfter": {
            "変数の設定": [
              "Succeeded"
            ]
          },
          "metadata": {
            "operationMetadataId": "6866ec55-4f61-4595-864d-3630eca427d2"
          }
        },
        "変数を初期化する": {
          "type": "InitializeVariable",
          "inputs": {
            "variables": [
              {
                "name": "Results",
                "type": "array"
              }
            ]
          },
          "runAfter": {
            "行を一覧にする_2": [
              "Succeeded"
            ]
          },
          "metadata": {
            "operationMetadataId": "349f8b0a-7fb7-4171-ac7f-0c66ad091e3e"
          }
        },
        "変数の設定": {
          "type": "SetVariable",
          "inputs": {
            "name": "Results",
            "value": "@union(outputs('行を一覧にする')?['body/value'],outputs('行を一覧にする_2')?['body/value'])"
          },
          "runAfter": {
            "変数を初期化する": [
              "Succeeded"
            ]
          },
          "metadata": {
            "operationMetadataId": "bf955be8-dbd4-4537-af83-aa2a6b5dabac"
          }
        },
        "変数を初期化する2": {
          "type": "InitializeVariable",
          "inputs": {
            "variables": [
              {
                "name": "Results2",
                "type": "array"
              }
            ]
          },
          "runAfter": {
            "行を一覧にする_2": [
              "Succeeded"
            ]
          },
          "metadata": {
            "operationMetadataId": "349f8b0a-7fb7-4171-ac7f-0c66ad091e3e"
          }
        },
        "変数の設定2": {
          "type": "SetVariable",
          "inputs": {
            "name": "Results2",
            "value": "@union(variables('Results3'),outputs('行を一覧にする_2')?['body/value'])"
          },
          "runAfter": {
            "変数を初期化する2-copy": [
              "Succeeded"
            ]
          },
          "metadata": {
            "operationMetadataId": "bf955be8-dbd4-4537-af83-aa2a6b5dabac"
          }
        },
        "作成_1": {
          "type": "Compose",
          "inputs": "@length(variables('Results2'))",
          "runAfter": {
            "変数の設定2": [
              "Succeeded"
            ]
          }
        },
        "変数を初期化する2-copy": {
          "type": "InitializeVariable",
          "inputs": {
            "variables": [
              {
                "name": "Results3",
                "type": "array"
              }
            ]
          },
          "runAfter": {
            "変数を初期化する2": [
              "Succeeded"
            ]
          },
          "metadata": {
            "operationMetadataId": "349f8b0a-7fb7-4171-ac7f-0c66ad091e3e"
          }
        }
      }
    },
    "templateName": null
  },
  "schemaVersion": "1.0.0.0"
}